window,weight
vol_1d,0.13564253206143492
vol_3d,0.1016534865679433
vol_9d,0.2627745493418313
vol_14d,-0.4999294320287905
