window,weight
1440 min,0.2263801209448185
4320 min,0.22187484164254082
12960 min,0.13005896843979378
20160 min,-0.4216860689728469
